timestamp,round,direction_id,direction_name,score,status
2026-03-15T21:12:33.939771,1,01,核心原则,18,commit
2026-03-15T22:21:46.521706,1,01,核心原则,18,commit
2026-03-15T22:41:31.724140,1,01,核心原则,18,commit
2026-03-15T23:01:36.416546,1,01,核心原则,18,commit
2026-03-15T23:22:08.194012,1,01,核心原则,18,commit
2026-03-15T23:40:52.348637,1,01,核心原则,18,commit
2026-03-16T00:01:32.101555,1,01,核心原则,18,commit
2026-03-16T00:22:23.160879,1,01,核心原则,18,commit
2026-03-16T00:40:44.908794,1,01,核心原则,18,commit
2026-03-16T01:01:06.948459,1,01,核心原则,18,commit
2026-03-16T01:21:01.928183,1,01,核心原则,18,commit
2026-03-16T01:40:55.101813,1,01,核心原则,18,commit
2026-03-16T02:01:25.556304,1,01,核心原则,18,commit
2026-03-16T02:21:28.261879,1,01,核心原则,18,commit
2026-03-16T02:41:18.061640,1,01,核心原则,18,commit
2026-03-16T03:01:58.532470,1,01,核心原则,18,commit
2026-03-16T03:21:13.400430,1,01,核心原则,18,commit
2026-03-16T03:40:53.658028,1,01,核心原则,18,commit
2026-03-16T04:01:05.879353,1,01,核心原则,18,commit
2026-03-16T04:20:38.096381,1,01,核心原则,18,commit
2026-03-16T04:40:54.126204,1,01,核心原则,18,commit
2026-03-16T05:02:01.695834,1,01,核心原则,18,commit
2026-03-16T05:20:33.534989,1,01,核心原则,18,commit
2026-03-16T05:41:59.309469,1,01,核心原则,18,commit
2026-03-16T06:01:32.279197,1,01,核心原则,18,commit
2026-03-16T06:21:23.806652,1,01,核心原则,18,commit
2026-03-16T07:01:06.010367,1,05,分层设计,108,commit
2026-03-16T07:02:13.890390,1,01,核心原则,110,commit
2026-03-16T07:21:03.487349,1,01,核心原则,100,commit
2026-03-16T07:41:19.062374,1,05,分层设计,108,commit
2026-03-16T08:01:16.153318,1,01,核心原则,110,commit
2026-03-16T08:20:39.967427,1,01,核心原则,110,commit
2026-03-16T08:40:53.218448,1,01,核心原则,110,commit
2026-03-16T09:01:40.249273,1,01,核心原则,110,commit
2026-03-16T09:21:10.538821,1,01,核心原则,100,commit
2026-03-16T09:42:23.199415,1,05,分层设计,108,commit
2026-03-16T10:02:08.590547,1,01,核心原则,110,commit
2026-03-16T10:20:48.057970,1,01,核心原则,110,commit
2026-03-16T10:40:42.048016,1,01,核心原则,110,commit
2026-03-16T11:01:42.126174,1,01,核心原则,100,commit
2026-03-16T11:21:26.122414,1,05,分层设计,108,commit
2026-03-16T11:40:41.803803,1,01,核心原则,110,commit
2026-03-16T12:00:38.382270,1,01,核心原则,110,commit
2026-03-16T12:21:24.087174,1,01,核心原则,110,commit
2026-03-16T12:41:39.879865,1,01,核心原则,100,commit
2026-03-16T13:02:25.722130,1,05,分层设计,108,commit
2026-03-16T13:21:02.136651,1,01,核心原则,110,commit
2026-03-16T13:41:19.100286,1,01,核心原则,100,commit
2026-03-16T14:02:10.709910,1,05,分层设计,106,commit
2026-03-16T14:21:35.239239,1,01,核心原则,110,commit
2026-03-16T14:42:12.534806,1,01,核心原则,110,commit
2026-03-16T15:03:18.313813,1,01,核心原则,112,commit
2026-03-16T15:20:58.875808,1,01,核心原则,110,commit
2026-03-16T15:41:40.148157,1,01,核心原则,110,commit
2026-03-16T16:00:46.091765,1,01,核心原则,110,commit
2026-03-16T16:20:50.079933,1,01,核心原则,110,commit
2026-03-16T16:41:05.459246,1,01,核心原则,110,commit
2026-03-16T17:01:26.679234,1,01,核心原则,110,commit
2026-03-16T17:20:52.831412,1,01,核心原则,110,commit
2026-03-16T17:40:50.930831,1,01,核心原则,110,commit
2026-03-16T18:00:41.282690,1,01,核心原则,110,commit
2026-03-16T18:20:58.757266,1,01,核心原则,110,commit
